<?xml version="1.0" encoding="UTF-8"?>
<simplicite xmlns:xsi="http://www.w3.org/2001/XMLSchema-instance" xmlns="http://www.simplicite.fr/base" xsi:schemaLocation="http://www.simplicite.fr/base https://www.simplicite.io/resources/schemas/base.xsd">
<object>
	<name>BpmnObj</name>
	<action>upsert</action>
	<data>
		<bpmnObjName>Test 1</bpmnObjName>
		<bpmnObjImage>BpmnObj/bpmnObjImage/0/1/image1.png</bpmnObjImage>
		<bpmnObjDescription><![CDATA[<p>This <span style="color: #2dc26b;"><strong>test #1</strong></span></p>]]></bpmnObjDescription>
		<bpmnObjDocument>BpmnObj/bpmnObjDocument/0/1/diagram-1633734469088.xml</bpmnObjDocument>
	</data>
	<data>
		<bpmnObjName>Test 2</bpmnObjName>
		<bpmnObjImage>BpmnObj/bpmnObjImage/0/2/image2.png</bpmnObjImage>
		<bpmnObjDescription><![CDATA[<p>This is <strong><span style="color: #e67e23;">test #2</span></strong></p>]]></bpmnObjDescription>
		<bpmnObjDocument>BpmnObj/bpmnObjDocument/0/2/diagram-1633734451229.xml</bpmnObjDocument>
	</data>
</object>
</simplicite>
